metric,split,value_pct,n,train_set,test_set,model,seed,front_end,score_direction,git_commit,utc
eer,dev_known_attacks,7.055077143773203,24844.0,asvspoof19_la_train,asvspoof19_la_dev,xgboost,42,640b0644ae,higher=bonafide,93b6cfe,2026-09-05T13:25:18+00:00
eer,eval_unknown_attacks,33.06721768251688,71237.0,asvspoof19_la_train,asvspoof19_la_eval,xgboost,42,640b0644ae,higher=bonafide,93b6cfe,2026-09-05T13:25:19+00:00
eer,eval_attack_A07,0.18315018308956962,,asvspoof19_la_train,asvspoof19_la_eval,xgboost,42,640b0644ae,higher=bonafide,93b6cfe,2026-09-05T13:25:19+00:00
eer,eval_attack_A08,4.500339904826644,,asvspoof19_la_train,asvspoof19_la_eval,xgboost,42,640b0644ae,higher=bonafide,93b6cfe,2026-09-05T13:25:19+00:00
eer,eval_attack_A09,5.698005698082296,,asvspoof19_la_train,asvspoof19_la_eval,xgboost,42,640b0644ae,higher=bonafide,93b6cfe,2026-09-05T13:25:19+00:00
eer,eval_attack_A10,51.121685927917795,,asvspoof19_la_train,asvspoof19_la_eval,xgboost,42,640b0644ae,higher=bonafide,93b6cfe,2026-09-05T13:25:20+00:00
eer,eval_attack_A11,34.819850441876724,,asvspoof19_la_train,asvspoof19_la_eval,xgboost,42,640b0644ae,higher=bonafide,93b6cfe,2026-09-05T13:25:20+00:00
eer,eval_attack_A12,56.356220258327674,,asvspoof19_la_train,asvspoof19_la_eval,xgboost,42,640b0644ae,higher=bonafide,93b6cfe,2026-09-05T13:25:20+00:00
eer,eval_attack_A13,59.40170940163072,,asvspoof19_la_train,asvspoof19_la_eval,xgboost,42,640b0644ae,higher=bonafide,93b6cfe,2026-09-05T13:25:20+00:00
eer,eval_attack_A14,27.192386131883158,,asvspoof19_la_train,asvspoof19_la_eval,xgboost,42,640b0644ae,higher=bonafide,93b6cfe,2026-09-05T13:25:20+00:00
eer,eval_attack_A15,30.645819170632226,,asvspoof19_la_train,asvspoof19_la_eval,xgboost,42,640b0644ae,higher=bonafide,93b6cfe,2026-09-05T13:25:21+00:00
eer,eval_attack_A16,0.854700854613595,,asvspoof19_la_train,asvspoof19_la_eval,xgboost,42,640b0644ae,higher=bonafide,93b6cfe,2026-09-05T13:25:21+00:00
eer,eval_attack_A17,29.966009517289404,,asvspoof19_la_train,asvspoof19_la_eval,xgboost,42,640b0644ae,higher=bonafide,93b6cfe,2026-09-05T13:25:21+00:00
eer,eval_attack_A18,61.74031271244051,,asvspoof19_la_train,asvspoof19_la_eval,xgboost,42,640b0644ae,higher=bonafide,93b6cfe,2026-09-05T13:25:21+00:00
eer,eval_attack_A19,0.6105006106498702,,asvspoof19_la_train,asvspoof19_la_eval,xgboost,42,640b0644ae,higher=bonafide,93b6cfe,2026-09-05T13:25:22+00:00
eer,dev_known_attacks,7.22135007849298,24844.0,asvspoof19_la_train,asvspoof19_la_dev,lightgbm,42,640b0644ae,higher=bonafide,93b6cfe,2026-09-05T13:25:28+00:00
eer,eval_unknown_attacks,33.566575874175605,71237.0,asvspoof19_la_train,asvspoof19_la_eval,lightgbm,42,640b0644ae,higher=bonafide,93b6cfe,2026-09-05T13:25:29+00:00
eer,eval_attack_A07,0.3263086335826117,,asvspoof19_la_train,asvspoof19_la_eval,lightgbm,42,640b0644ae,higher=bonafide,93b6cfe,2026-09-05T13:25:29+00:00
eer,eval_attack_A08,4.4595513256328125,,asvspoof19_la_train,asvspoof19_la_eval,lightgbm,42,640b0644ae,higher=bonafide,93b6cfe,2026-09-05T13:25:29+00:00
eer,eval_attack_A09,5.921855921848905,,asvspoof19_la_train,asvspoof19_la_eval,lightgbm,42,640b0644ae,higher=bonafide,93b6cfe,2026-09-05T13:25:30+00:00
eer,eval_attack_A10,52.07570207576382,,asvspoof19_la_train,asvspoof19_la_eval,lightgbm,42,640b0644ae,higher=bonafide,93b6cfe,2026-09-05T13:25:30+00:00
eer,eval_attack_A11,36.288239292984905,,asvspoof19_la_train,asvspoof19_la_eval,lightgbm,42,640b0644ae,higher=bonafide,93b6cfe,2026-09-05T13:25:30+00:00
eer,eval_attack_A12,56.93935693923008,,asvspoof19_la_train,asvspoof19_la_eval,lightgbm,42,640b0644ae,higher=bonafide,93b6cfe,2026-09-05T13:25:30+00:00
eer,eval_attack_A13,61.83548606390218,,asvspoof19_la_train,asvspoof19_la_eval,lightgbm,42,640b0644ae,higher=bonafide,93b6cfe,2026-09-05T13:25:31+00:00
eer,eval_attack_A14,27.885791978246218,,asvspoof19_la_train,asvspoof19_la_eval,lightgbm,42,640b0644ae,higher=bonafide,93b6cfe,2026-09-05T13:25:31+00:00
eer,eval_attack_A15,31.60358160373192,,asvspoof19_la_train,asvspoof19_la_eval,lightgbm,42,640b0644ae,higher=bonafide,93b6cfe,2026-09-05T13:25:31+00:00
eer,eval_attack_A16,0.9157509156577796,,asvspoof19_la_train,asvspoof19_la_eval,lightgbm,42,640b0644ae,higher=bonafide,93b6cfe,2026-09-05T13:25:31+00:00
eer,eval_attack_A17,30.564242012236576,,asvspoof19_la_train,asvspoof19_la_eval,lightgbm,42,640b0644ae,higher=bonafide,93b6cfe,2026-09-05T13:25:32+00:00
eer,eval_attack_A18,63.125763125654565,,asvspoof19_la_train,asvspoof19_la_eval,lightgbm,42,640b0644ae,higher=bonafide,93b6cfe,2026-09-05T13:25:32+00:00
eer,eval_attack_A19,0.6526172671651875,,asvspoof19_la_train,asvspoof19_la_eval,lightgbm,42,640b0644ae,higher=bonafide,93b6cfe,2026-09-05T13:25:32+00:00
eer,dev_known_attacks,7.2524219590838905,24844.0,asvspoof19_la_train,asvspoof19_la_dev,catboost,42,640b0644ae,higher=bonafide,93b6cfe,2026-09-05T13:25:32+00:00
eer,eval_unknown_attacks,33.626060549242,71237.0,asvspoof19_la_train,asvspoof19_la_eval,catboost,42,640b0644ae,higher=bonafide,93b6cfe,2026-09-05T13:25:33+00:00
eer,eval_attack_A07,0.32560032559316293,,asvspoof19_la_train,asvspoof19_la_eval,catboost,42,640b0644ae,higher=bonafide,93b6cfe,2026-09-05T13:25:33+00:00
eer,eval_attack_A08,3.820530251529558,,asvspoof19_la_train,asvspoof19_la_eval,catboost,42,640b0644ae,higher=bonafide,93b6cfe,2026-09-05T13:25:33+00:00
eer,eval_attack_A09,5.921855921894847,,asvspoof19_la_train,asvspoof19_la_eval,catboost,42,640b0644ae,higher=bonafide,93b6cfe,2026-09-05T13:25:34+00:00
eer,eval_attack_A10,52.37253569000679,,asvspoof19_la_train,asvspoof19_la_eval,catboost,42,640b0644ae,higher=bonafide,93b6cfe,2026-09-05T13:25:34+00:00
eer,eval_attack_A11,39.58078958079921,,asvspoof19_la_train,asvspoof19_la_eval,catboost,42,640b0644ae,higher=bonafide,93b6cfe,2026-09-05T13:25:34+00:00
eer,eval_attack_A12,56.68252889191044,,asvspoof19_la_train,asvspoof19_la_eval,catboost,42,640b0644ae,higher=bonafide,93b6cfe,2026-09-05T13:25:34+00:00
eer,eval_attack_A13,58.60805860802849,,asvspoof19_la_train,asvspoof19_la_eval,catboost,42,640b0644ae,higher=bonafide,93b6cfe,2026-09-05T13:25:35+00:00
eer,eval_attack_A14,27.60027192386132,,asvspoof19_la_train,asvspoof19_la_eval,catboost,42,640b0644ae,higher=bonafide,93b6cfe,2026-09-05T13:25:35+00:00
eer,eval_attack_A15,32.508497620672834,,asvspoof19_la_train,asvspoof19_la_eval,catboost,42,640b0644ae,higher=bonafide,93b6cfe,2026-09-05T13:25:35+00:00
eer,eval_attack_A16,0.8140008139800673,,asvspoof19_la_train,asvspoof19_la_eval,catboost,42,640b0644ae,higher=bonafide,93b6cfe,2026-09-05T13:25:36+00:00
eer,eval_attack_A17,28.754578754630355,,asvspoof19_la_train,asvspoof19_la_eval,catboost,42,640b0644ae,higher=bonafide,93b6cfe,2026-09-05T13:25:36+00:00
eer,eval_attack_A18,59.17063222297756,,asvspoof19_la_train,asvspoof19_la_eval,catboost,42,640b0644ae,higher=bonafide,93b6cfe,2026-09-05T13:25:36+00:00
eer,eval_attack_A19,0.6512006511846826,,asvspoof19_la_train,asvspoof19_la_eval,catboost,42,640b0644ae,higher=bonafide,93b6cfe,2026-09-05T13:25:36+00:00
eer,dev_known_attacks,7.037136706227955,24844.0,asvspoof19_la_train,asvspoof19_la_dev,ensemble,42,640b0644ae,higher=bonafide,93b6cfe,2026-09-05T13:25:37+00:00
eer,eval_unknown_attacks,33.37872953265067,71237.0,asvspoof19_la_train,asvspoof19_la_eval,ensemble,42,640b0644ae,higher=bonafide,93b6cfe,2026-09-05T13:25:37+00:00
eer,eval_attack_A07,0.18315018315728124,,asvspoof19_la_train,asvspoof19_la_eval,ensemble,42,640b0644ae,higher=bonafide,93b6cfe,2026-09-05T13:25:38+00:00
eer,eval_attack_A08,4.0244731475172095,,asvspoof19_la_train,asvspoof19_la_eval,ensemble,42,640b0644ae,higher=bonafide,93b6cfe,2026-09-05T13:25:38+00:00
eer,eval_attack_A09,5.779405779332543,,asvspoof19_la_train,asvspoof19_la_eval,ensemble,42,640b0644ae,higher=bonafide,93b6cfe,2026-09-05T13:25:38+00:00
eer,eval_attack_A10,51.87220187229777,,asvspoof19_la_train,asvspoof19_la_eval,ensemble,42,640b0644ae,higher=bonafide,93b6cfe,2026-09-05T13:25:39+00:00
eer,eval_attack_A11,36.682528891910124,,asvspoof19_la_train,asvspoof19_la_eval,ensemble,42,640b0644ae,higher=bonafide,93b6cfe,2026-09-05T13:25:39+00:00
eer,eval_attack_A12,56.8172568173748,,asvspoof19_la_train,asvspoof19_la_eval,ensemble,42,640b0644ae,higher=bonafide,93b6cfe,2026-09-05T13:25:39+00:00
eer,eval_attack_A13,60.06798096532936,,asvspoof19_la_train,asvspoof19_la_eval,ensemble,42,640b0644ae,higher=bonafide,93b6cfe,2026-09-05T13:25:39+00:00
eer,eval_attack_A14,27.146927146765602,,asvspoof19_la_train,asvspoof19_la_eval,ensemble,42,640b0644ae,higher=bonafide,93b6cfe,2026-09-05T13:25:39+00:00
eer,eval_attack_A15,31.37973137967112,,asvspoof19_la_train,asvspoof19_la_eval,ensemble,42,640b0644ae,higher=bonafide,93b6cfe,2026-09-05T13:25:40+00:00
eer,eval_attack_A16,0.8140008138958373,,asvspoof19_la_train,asvspoof19_la_eval,ensemble,42,640b0644ae,higher=bonafide,93b6cfe,2026-09-05T13:25:40+00:00
eer,eval_attack_A17,29.52787952780593,,asvspoof19_la_train,asvspoof19_la_eval,ensemble,42,640b0644ae,higher=bonafide,93b6cfe,2026-09-05T13:25:40+00:00
eer,eval_attack_A18,61.237253569000686,,asvspoof19_la_train,asvspoof19_la_eval,ensemble,42,640b0644ae,higher=bonafide,93b6cfe,2026-09-05T13:25:40+00:00
eer,eval_attack_A19,0.6105006105338551,,asvspoof19_la_train,asvspoof19_la_eval,ensemble,42,640b0644ae,higher=bonafide,93b6cfe,2026-09-05T13:25:41+00:00
